stadium_id,stadium_name,lat,lon,altitude,heading,first_game_date,last_game_date,surface_type,roof_type,address,city,state,zipcode,country,tz,tz_offset,wikipedia_url,img_sat_url,img_logo_url,img_shot_url,website,nicknames,owner,operator,capacity,broke_ground,opened,closed,demolished,construction_cost,construction_cost_2023,renovation_years,expansion_years,architects
ATL00,Georgia Dome,33.7576273,-84.4011555,303.5788722,270,1999-09-12,2017-01-22,Turf,Dome,1 Georgia Dome Drive Northwest,Atlanta,Georgia,30314,United States,America/New_York,-5,https://en.wikipedia.org/wiki/Georgia_Dome,https://raw.githubusercontent.com/greerrenfl/Stadiums/main/stadiums/Assets/SatelliteImg/ATL00.png,,https://upload.wikimedia.org/wikipedia/commons/thumb/2/29/Georgia_Dome.svg/220px-Georgia_Dome.svg.png,,,Georgia World Congress Center Authority,Georgia World Congress Center Authority,71228.0,1989.0,1992,2017.0,2017.0,214000000.0,465000000.0,,,"Heery International, Rosser FABRAP International, tvsdesign"
ATL97,Mercedes-Benz Stadium,33.7555052,-84.4008484,307.3689347,80,2017-09-17,2026-01-04,Turf,Retractable,"1414 Andrew Young International Blvd,  Castleberry Hill",Atlanta,Georgia,30313,United States,America/New_York,-5,https://en.wikipedia.org/wiki/Mercedes-Benz_Stadium,https://raw.githubusercontent.com/greerrenfl/Stadiums/main/stadiums/Assets/SatelliteImg/ATL97.png,https://upload.wikimedia.org/wikipedia/en/thumb/e/ed/Mercedes-Benz_Stadium_logo.svg/150px-Mercedes-Benz_Stadium_logo.svg.png,https://upload.wikimedia.org/wikipedia/commons/thumb/9/90/Mercedes-Benz_Stadium_Interior_in_2024.jpg/250px-Mercedes-Benz_Stadium_Interior_in_2024.jpg,https://mercedesbenzstadium.com/,The Benz,Georgia World Congress Center Authority,AMB Sports and Entertainment Group,71000.0,2014.0,2017,,,1600000000.0,1990000000.0,,,"HOK, tvsdesign"
BAL00,M&T Bank Stadium,39.277958,-76.6227221,3.079367761,290,1999-09-19,2025-12-21,Grass,Outdoors,1101 Russell Street,Baltimore,Maryland,21230,United States,America/New_York,-5,https://en.wikipedia.org//wiki/M%26T_Bank_Stadium,https://raw.githubusercontent.com/greerrenfl/Stadiums/main/stadiums/Assets/SatelliteImg/BAL00.png,https://upload.wikimedia.org/wikipedia/commons/thumb/5/5e/M%26T_Bank_Stadium_Logo.svg/150px-M%26T_Bank_Stadium_Logo.svg.png,https://upload.wikimedia.org/wikipedia/commons/thumb/c/c0/M%26T_Bank_Stadium_Aerial_2022.jpg/250px-M%26T_Bank_Stadium_Aerial_2022.jpg,https://www.baltimoreravens.com/stadium/,"The Bank, Ravens Flock, The Vault, The Big Crabcake",Maryland Stadium Authority,Baltimore Ravens,,1996.0,1998,,,220000000.0,411000000.0,,,HOK Sport (now Populous)
BOS00,Gillette Stadium,42.0909217,-71.2643321,78.00606072,342,2002-09-09,2026-01-04,Turf,Outdoors,1 Patriot Place,Foxborough,Massachusetts,2035,United States,America/New_York,-5,https://en.wikipedia.org/wiki/Gillette_Stadium,https://raw.githubusercontent.com/greerrenfl/Stadiums/main/stadiums/Assets/SatelliteImg/BOS00.png,https://upload.wikimedia.org/wikipedia/commons/thumb/f/fa/Gilette_Stadium_Logo.svg/200px-Gilette_Stadium_Logo.svg.png,https://upload.wikimedia.org/wikipedia/commons/thumb/d/db/Gillette_Stadium_%28Top_View%29.jpg/250px-Gillette_Stadium_%28Top_View%29.jpg,https://www.gillettestadium.com/,,Kraft Group,Kraft Group,64628.0,2000.0,2002,,,325000000.0,551000000.0,"2023, 2023",,Populous
BOS99,Foxboro Stadium,42.0925795,-71.2674657,94.10408562,356,1999-09-19,2002-01-19,Grass,Outdoors,1 Patriot Place,Foxborough,Massachusetts,2035,United States,America/New_York,-5,https://en.wikipedia.org/wiki/Foxboro_Stadium,https://raw.githubusercontent.com/greerrenfl/Stadiums/main/stadiums/Assets/SatelliteImg/BOS99.png,,https://upload.wikimedia.org/wikipedia/commons/thumb/9/99/Foxborostade.png/250px-Foxborostade.png,,,"Stadium Realty Trust (1970–1981), Stadium Management Corporation (1981–1988), Robert Kraft (1988–2002)",,60292.0,1970.0,1971,2002.0,2002.0,7100000.0,53400000.0,,,"David M. Berg Associates Inc. Finch/Heery, Finch/Heery"
BRG00,Tiger Stadium (LSU),30.4120328,-91.1838139,7.648637707,337,2005-10-30,2005-12-18,Grass,Outdoors,"North Stadium Drive at Nicholson Drive,",Baton Rouge,Louisiana,70803,United States,America/Chicago,-6,https://en.wikipedia.org/wiki/Tiger_Stadium_(Louisiana),https://raw.githubusercontent.com/greerrenfl/Stadiums/main/stadiums/Assets/SatelliteImg/BRG00.png,,https://upload.wikimedia.org/wikipedia/commons/thumb/8/8f/Tiger_Stadium_%28LSU%29_Champions_Plaza-Mike_the_Tiger.jpg/250px-Tiger_Stadium_%28LSU%29_Champions_Plaza-Mike_the_Tiger.jpg,https://lsusports.net/facilities/tiger-stadium/,Death Valley,,,102321.0,1924.0,1924,,,,,"1994, 2006, 2011, 2014","1931, 1936, 1953, 1978, 1988, 2000, 2014",
BUF00,New Era Field,42.7737531,-78.786954,218.2993413,302,1999-09-19,2026-01-04,Turf,Outdoors,"Highmark Blue Cross Blue Shield Stadium,  Bills Drive",Orchard Park,New York,14127,United States,America/New_York,-5,https://en.wikipedia.org/wiki/Highmark_Stadium_(New_York),https://raw.githubusercontent.com/greerrenfl/Stadiums/main/stadiums/Assets/SatelliteImg/BUF00.png,https://upload.wikimedia.org/wikipedia/en/thumb/a/a3/Highmark_Stadium_%28New_York%29_logo.svg/220px-Highmark_Stadium_%28New_York%29_logo.svg.png,https://upload.wikimedia.org/wikipedia/commons/thumb/0/04/Highmark_Stadium%2C_autumn_2022.jpg/250px-Highmark_Stadium%2C_autumn_2022.jpg,https://www.buffalobills.com/stadium/,The Ralph,Erie County,Buffalo Bills,71608.0,1972.0,1973,,,22000000.0,151000000.0,"1998, 2013",,"HNTB, Populous"
BUF01,Rogers Centre,43.6416586,-79.3890887,81.97497847,73,2008-12-07,2013-12-01,Turf,Dome,1 Blue Jays Way,Toronto,Ontario,M5V 1J1,Canada,America/Toronto,-5,https://en.wikipedia.org/wiki/Rogers_Centre,https://raw.githubusercontent.com/greerrenfl/Stadiums/main/stadiums/Assets/SatelliteImg/BUF01.png,,https://upload.wikimedia.org/wikipedia/commons/thumb/a/ad/Rogers_Centre.svg/200px-Rogers_Centre.svg.png,,SkyDome,Rogers Communications,Rogers Stadium Limited Partnership,39150.0,1986.0,1989,,,,,"2022, 2024",,"Rod Robbie, Populous"
CAR00,Bank of America Stadium,35.2258152,-80.8528376,220.996142,320,1999-09-19,2025-12-28,Grass,Outdoors,"800 South Mint Street,  Third Ward,  Uptown",Charlotte,North Carolina,28202,United States,America/New_York,-5,https://en.wikipedia.org//wiki/Bank_of_America_Stadium,https://raw.githubusercontent.com/greerrenfl/Stadiums/main/stadiums/Assets/SatelliteImg/CAR00.png,https://upload.wikimedia.org/wikipedia/commons/thumb/c/ce/Bank_of_America_Stadium_logo.png/220px-Bank_of_America_Stadium_logo.png,https://upload.wikimedia.org/wikipedia/commons/thumb/0/09/BofAStadium2015.JPG/250px-BofAStadium2015.JPG,https://www.panthers.com/stadium/,"The Bank, BofA, BoA",Tepper Sports and Entertainment,Tepper Sports and Entertainment,,1994.0,1996,,,500000000.0,,"2007, 2014, 2017, 2019, 2020","1997, 1998, 2005, 2007, 2008, 2014, 2015, 2017",Populous
CHI98,Soldier Field,41.8624598,-87.6167762,177.3216557,356,1999-09-12,2026-01-04,Grass,Outdoors,"425 East Waldron Drive,  South Loop,  Near South Side",Chicago,Illinois,60605,United States,America/Chicago,-6,https://en.wikipedia.org/wiki/Soldier_Field,https://raw.githubusercontent.com/greerrenfl/Stadiums/main/stadiums/Assets/SatelliteImg/CHI98.png,https://upload.wikimedia.org/wikipedia/en/thumb/c/c4/Soldier_Field_Logo.svg/200px-Soldier_Field_Logo.svg.png,https://upload.wikimedia.org/wikipedia/commons/thumb/e/e5/Soldier_Field_S.jpg/250px-Soldier_Field_S.jpg,https://www.soldierfield.com/,,Chicago Park District,SMG,66944.0,1922.0,1924,2002.0,,,,"2002, 2003",,"Holabird & Roche (original)Wood + Zapata, Inc.Lohan Caprile Goettsch Architects (renovations), Holabird & Roche, Wood + Zapata, Inc."
CHI99,Memorial Stadium (Champaign),40.0992975,-88.2359533,223.1597063,359,2002-09-08,2002-12-29,Turf,Outdoors,1402 South 1st Street,Champaign,Illinois,61820,United States,America/Chicago,-6,https://en.wikipedia.org/wiki/Memorial_Stadium_(University_of_Illinois),https://raw.githubusercontent.com/greerrenfl/Stadiums/main/stadiums/Assets/SatelliteImg/CHI99.png,https://upload.wikimedia.org/wikipedia/commons/thumb/9/91/Illinois_Fighting_Illini_logo.svg/40px-Illinois_Fighting_Illini_logo.svg.png,https://upload.wikimedia.org/wikipedia/commons/thumb/d/d8/Memorial_Stadium.jpg/250px-Memorial_Stadium.jpg,https://fightingillini.com/facilities/memorial-stadium/64,Zuppke Field,University of Illinois,University of Illinois,,1922.0,1923,,,1700000.0,30400000.0,"1985, 2008, 2013",1930,"Holabird & Roche, HNTB"
CIN00,Paycor Stadium,39.0954306,-84.5160435,146.4175612,321,2000-09-10,2026-01-04,Turf,Outdoors,"Paul Brown Stadium,  West Freedom Way,  The Banks",Cincinnati,Ohio,45202-2209,United States,America/New_York,-5,https://en.wikipedia.org/wiki/Paycor_Stadium,https://raw.githubusercontent.com/greerrenfl/Stadiums/main/stadiums/Assets/SatelliteImg/CIN00.png,https://upload.wikimedia.org/wikipedia/en/thumb/7/73/Paycor_Stadium_logo.svg/200px-Paycor_Stadium_logo.svg.png,https://upload.wikimedia.org/wikipedia/commons/thumb/9/9b/Paul_Brown_Stadium_interior_2017.jpg/250px-Paul_Brown_Stadium_interior_2017.jpg,,The Jungle,Hamilton County,Cincinnati Bengals,65515.0,1998.0,2000,,,455000000.0,805000000.0,,,"NBBJ, Moody Nolan"
CIN99,Cinergy Field,39.0965535,-84.5084173,149.7403236,292,1999-09-19,1999-12-12,Turf,Outdoors,201 East Pete Rose Way,Cincinnati,Ohio,45202,United States,America/New_York,-5,https://en.wikipedia.org/wiki/Riverfront_Stadium,https://raw.githubusercontent.com/greerrenfl/Stadiums/main/stadiums/Assets/SatelliteImg/CIN99.png,,https://upload.wikimedia.org/wikipedia/commons/thumb/6/62/Riverfront_Stadium_in_Cincinnati%2C_Ohio.jpg/220px-Riverfront_Stadium_in_Cincinnati%2C_Ohio.jpg,,"The Home of the Big Red Machine, The Jungle",City of Cincinnati,,52952.0,1968.0,1970,2002.0,2002.0,45000000.0,353000000.0,,,"Heery & Heery, FABRAP"
CLE00,FirstEnergy Stadium,41.5060371,-81.699586,177.3562525,56,1999-09-12,2025-12-28,Grass,Outdoors,"100 Alfred Lerner Way,  The Flats,  Warehouse District",Cleveland,Ohio,44113,United States,America/New_York,-5,https://en.wikipedia.org/wiki/Huntington_Bank_Field,https://raw.githubusercontent.com/greerrenfl/Stadiums/main/stadiums/Assets/SatelliteImg/CLE00.png,,https://upload.wikimedia.org/wikipedia/en/thumb/7/7d/Huntington_Bank_Field.jpg/220px-Huntington_Bank_Field.jpg,https://huntingtonbankfield.com/,,City of Cleveland,Cleveland Browns,67431.0,1997.0,1999,,,283000000.0,518000000.0,,,HOK Sport
DAL00,AT&T Stadium,32.7479723,-97.0928461,242.5335228,69,2009-09-20,2025-12-21,Turf,Retractable,900 East Randol Mill Road,Arlington,Texas,76011,United States,America/Chicago,-6,https://en.wikipedia.org//wiki/AT%26T_Stadium,https://raw.githubusercontent.com/greerrenfl/Stadiums/main/stadiums/Assets/SatelliteImg/DAL00.png,https://upload.wikimedia.org/wikipedia/commons/thumb/7/73/AT%26T_Stadium_logo.svg/175px-AT%26T_Stadium_logo.svg.png,https://upload.wikimedia.org/wikipedia/commons/thumb/1/11/Arlington_June_2020_4_%28AT%26T_Stadium%29.jpg/250px-Arlington_June_2020_4_%28AT%26T_Stadium%29.jpg,https://attstadium.com/,"Jerry’s World, The Palace in Dallas, The Cowboys Cathedral",,Dallas Cowboys,80000.0,2005.0,2009,,,1300000000.0,1850000000.0,,,"HKS, Inc."
DAL99,Texas Stadium,32.8398075,-96.9108917,135.3096507,40,1999-09-20,2008-12-20,Turf,Outdoors,2401 East Airport Freeway,Irving,Texas,77461,United States,America/Chicago,-6,https://en.wikipedia.org/wiki/Texas_Stadium,https://raw.githubusercontent.com/greerrenfl/Stadiums/main/stadiums/Assets/SatelliteImg/DAL99.png,https://upload.wikimedia.org/wikipedia/en/9/9f/TexStadLogo.png,https://upload.wikimedia.org/wikipedia/commons/thumb/6/6e/Texas_Stadium.jpeg/280px-Texas_Stadium.jpeg,,,City of Irving,Texas Stadium Corp,65675.0,1969.0,1971,2008.0,2010.0,35000000.0,263000000.0,,,A. Warren Morey
DEN00,Empower Field at Mile High,39.7439402,-105.0201065,1583.586238,0,2001-09-10,2026-01-04,Grass,Outdoors,"1701 Mile High Stadium Circle,  Jefferson Park",Denver,Colorado,80204,United States,America/Denver,-7,https://en.wikipedia.org/wiki/Empower_Field_at_Mile_High,https://raw.githubusercontent.com/greerrenfl/Stadiums/main/stadiums/Assets/SatelliteImg/DEN00.png,https://upload.wikimedia.org/wikipedia/en/thumb/f/f2/Empower_Field_logo.svg/150px-Empower_Field_logo.svg.png,https://upload.wikimedia.org/wikipedia/commons/thumb/b/b0/Empower_Field_at_Mile_High_20241001.jpg/250px-Empower_Field_at_Mile_High_20241001.jpg,https://www.empowerfieldatmilehigh.com/,,Metropolitan Football Stadium District,,76125.0,1999.0,2001,,,400900000.0,733000000.0,,,"HNTBFentress ArchitectsBertram A. Burton and Associates, HNTB, Fentress Architects"
DEN99,Mile High Stadium,39.7460024,-105.0216427,1588.248748,0,1999-09-13,2000-12-23,Grass,Outdoors,2755 West 17th Avenue,Denver,Colorado,80204,United States,America/Denver,-7,https://en.wikipedia.org/wiki/Mile_High_Stadium,https://raw.githubusercontent.com/greerrenfl/Stadiums/main/stadiums/Assets/SatelliteImg/DEN99.png,,https://upload.wikimedia.org/wikipedia/commons/thumb/3/3a/Denver_Mile_High_Stadium_postcard_%28c._1970s-1980s%29.jpg/275px-Denver_Mile_High_Stadium_postcard_%28c._1970s-1980s%29.jpg,,,"City & County of Denver (1968–2001) Rocky Mountain Sports, Inc. ( Denver Bears / Broncos , 1948–1968)",Denver Parks and Recreation,76273.0,1947.0,1948,2001.0,2002.0,,,,"1959, 1968, 1976, 1977, 1986",
DET00,Ford Field,42.3401334,-83.0456783,183.8274211,334,2002-09-22,2025-12-21,Turf,Dome,"Ford Field,  Brush Street,  Greektown,  Midtown",Detroit,Michigan,48226,United States,America/Detroit,-5,https://en.wikipedia.org//wiki/Ford_Field,https://raw.githubusercontent.com/greerrenfl/Stadiums/main/stadiums/Assets/SatelliteImg/DET00.png,https://upload.wikimedia.org/wikipedia/commons/thumb/7/78/Ford_field_stadium_logo.svg/200px-Ford_field_stadium_logo.svg.png,https://upload.wikimedia.org/wikipedia/commons/thumb/0/05/Detroit_December_2015_09_%28Ford_Field%29.jpg/250px-Detroit_December_2015_09_%28Ford_Field%29.jpg,http://fordfield.com,,Detroit/Wayne County Stadium Authority,Detroit Lions,65000.0,1999.0,2002,,,500000000.0,847000000.0,2017,,Rossetti Architects
DET99,Pontiac Silverdome,42.6457766,-83.2549503,271.7969791,313,1999-09-19,2002-01-06,Turf,Dome,1200 Featherstone Road,Pontaic,Michigan,48342,United States,America/Detroit,-5,https://en.wikipedia.org/wiki/Pontiac_Silverdome,https://raw.githubusercontent.com/greerrenfl/Stadiums/main/stadiums/Assets/SatelliteImg/DET99.png,https://upload.wikimedia.org/wikipedia/commons/thumb/a/ab/Silverdome_logo.png/220px-Silverdome_logo.png,https://upload.wikimedia.org/wikipedia/commons/thumb/9/9b/Silverdome_2.jpg/250px-Silverdome_2.jpg,,,"Andreas Apostolopoulos, Triple Investment Group",Triple Sports & Entertainment,82000.0,1973.0,1975,2006.0,2017.0,55700000.0,382000000.0,,,O'Dell/Hewlett & LuckenbachC. Don Davidson
FRA00,Deutsche Bank Park,50.0686586,8.6454228,109.635085,306,2023-11-05,2023-11-12,Grass,Outdoors,Mörfelder Landstraße 362,Langen,,3J9W+F5,Germany,Europe/Frankfurt,1,https://en.wikipedia.org//wiki/Deutsche_Bank_Park,https://raw.githubusercontent.com/greerrenfl/Stadiums/main/stadiums/Assets/SatelliteImg/FRA00.png,https://upload.wikimedia.org/wikipedia/commons/thumb/4/4c/Logo_Deutsche_Bank_Park.svg/250px-Logo_Deutsche_Bank_Park.svg.png,https://upload.wikimedia.org/wikipedia/commons/thumb/a/a8/Frankfurt_stadium.jpg/260px-Frankfurt_stadium.jpg,https://www.deutschebankpark.de/,Waldstadion,Waldstadion Frankfurt Gesellschaft für Projektentwicklung,Eintracht Frankfurt Stadion GmbH,58000.0,1921.0,1925,,,150000000.0,,"1937, 1953, 1974, 2005",,"Gerkan, Marg and PartnersMax Bögl, Gerkan, Marg and Partners"
GER00,Allianz Arena,48.2188932,11.6247241,492.6049088,345,2022-11-13,2024-11-10,Turf,Outdoors,"Werner-Heisenberg-Allee 25, 80939",München,,6J9F+GV,Germany,Europe/Munich,1,https://en.wikipedia.org//wiki/Allianz_Arena,https://raw.githubusercontent.com/greerrenfl/Stadiums/main/stadiums/Assets/SatelliteImg/GER00.png,https://upload.wikimedia.org/wikipedia/en/thumb/6/66/Allianz_Arena_logo.svg/240px-Allianz_Arena_logo.svg.png,https://upload.wikimedia.org/wikipedia/commons/thumb/e/e9/Allianz_Arena_2008-02-09.jpg/240px-Allianz_Arena_2008-02-09.jpg,https://allianz-arena.com/en,"Schlauchboot, Munich Football Arena",Allianz Arena München Stadion GmbH,Allianz Arena München Stadion GmbH,75024.0,2002.0,2005,,,340000000.0,,,,"Herzog & de MeuronArupSport, Herzog & de Meuron, ArupSport"
GNB00,Lambeau Field,44.5014769,-88.0621617,188.873969,359,1999-09-12,2025-12-27,Grass,Outdoors,"1265 Lombardi Avenue,  Lombardi",Green Bay,Wisconsin,54304,United States,America/Chicago,-6,https://en.wikipedia.org/wiki/Lambeau_Field,https://raw.githubusercontent.com/greerrenfl/Stadiums/main/stadiums/Assets/SatelliteImg/GNB00.png,https://upload.wikimedia.org/wikipedia/en/thumb/7/77/Lambeau_Field_logo.svg/200px-Lambeau_Field_logo.svg.png,https://upload.wikimedia.org/wikipedia/commons/thumb/c/c9/Packers_vs_Patriots.jpg/250px-Packers_vs_Patriots.jpg,https://www.packers.com/lambeau-field/,"The Frozen Tundra, Titletown USA, The Shrine of Pro Football",City of Green Bay,,81441.0,1956.0,1957,,,,,"2001, 2003, 2012, 2015, 2023","1961, 1963, 1965, 1970, 1985, 1990, 1995, 2003, 2013, 2023",Ellerbe Becket
HOU00,NRG Stadium,29.6849239,-95.41082,15.24608393,0,2002-09-08,2026-01-04,Turf,Retractable,1 NRG Parkway,Houston,Texas,77054,United States,America/Chicago,-6,https://en.wikipedia.org//wiki/NRG_Stadium,https://raw.githubusercontent.com/greerrenfl/Stadiums/main/stadiums/Assets/SatelliteImg/HOU00.png,https://upload.wikimedia.org/wikipedia/commons/thumb/d/da/NRG_Stadium_Logo.svg/150px-NRG_Stadium_Logo.svg.png,https://upload.wikimedia.org/wikipedia/commons/thumb/8/83/NRG_Stadium_SBLI.jpg/250px-NRG_Stadium_SBLI.jpg,https://www.nrgpark.com/nrg-park-facilities-2/nrg-stadium/,,,ASM Global,,2000.0,2002,,,352000000.0,596000000.0,,,"HOK Sport, Lockwood, Andrews & Newnam"
IND00,Lucas Oil Stadium,39.7602037,-86.1638068,216.36017,26,2008-09-07,2025-12-28,Turf,Retractable,"Lucas Oil Stadium,  West South Street,  Old Southside",Indianapolis,Indiana,46225,United States,America/Indiana/Indianapolis,-5,https://en.wikipedia.org//wiki/Lucas_Oil_Stadium,https://raw.githubusercontent.com/greerrenfl/Stadiums/main/stadiums/Assets/SatelliteImg/IND00.png,https://upload.wikimedia.org/wikipedia/commons/thumb/2/27/Lucas_Oil_Stadium_logo.svg/200px-Lucas_Oil_Stadium_logo.svg.png,https://upload.wikimedia.org/wikipedia/commons/thumb/0/08/Aerial_view_of_Indianapolis%2C_Indiana%2C_with_a_focus_on_Lucas_Oil_Stadium%2C_highsm.40934.jpg/250px-Aerial_view_of_Indianapolis%2C_Indiana%2C_with_a_focus_on_Lucas_Oil_Stadium%2C_highsm.40934.jpg,https://www.lucasoilstadium.com/,,Indiana Stadium and Convention Building Authority ( State of Indiana ),"Capital Improvement Board of Managers of Marion County, Indiana",70000.0,2005.0,2008,,,720000000.0,1000000000.0,,,"HKS, Inc."
IND99,RCA Dome,39.7636251,-86.163448,216.3601717,272,1999-09-12,2008-01-13,Turf,Dome,100 South Capitol Avenue,Indianapolis,Indiana,46225,United States,America/Indianapolis,-5,https://en.wikipedia.org/wiki/RCA_Dome,https://raw.githubusercontent.com/greerrenfl/Stadiums/main/stadiums/Assets/SatelliteImg/IND99.png,https://upload.wikimedia.org/wikipedia/commons/thumb/c/cd/Rcadomelogo.jpg/200px-Rcadomelogo.jpg,https://upload.wikimedia.org/wikipedia/commons/thumb/7/7c/Indianapolis-indiana-rca-dome.jpg/250px-Indianapolis-indiana-rca-dome.jpg,,,Capital Improvement Board,Capital Improvement Board,60127.0,1982.0,1984,2008.0,2008.0,77500000.0,227000000.0,,,HNTB
JAX00,TIAA Bank Stadium,30.3239164,-81.6373486,1.493460515,14,1999-09-12,2026-01-04,Grass,Outdoors,1 Gator Bowl Boulevard,Jacksonville,Florida,32202,United States,America/New_York,-5,https://en.wikipedia.org/wiki/EverBank_Stadium,https://raw.githubusercontent.com/greerrenfl/Stadiums/main/stadiums/Assets/SatelliteImg/JAX00.png,,https://upload.wikimedia.org/wikipedia/en/thumb/2/22/EverBank_Stadium.jpg/220px-EverBank_Stadium.jpg,https://everbankstadium.com/,The Bank,City of Jacksonville,ASM Global,67814.0,1994.0,1995,,,121000000.0,249000000.0,"2003, 2014, 2016",,HOK Sport
KAN00,GEHA Field at Arrowhead Stadium,39.0489275,-94.4839962,256.8486826,316,1999-09-19,2025-12-25,Grass,Outdoors,1 Arrowhead Drive,Kansas City,Missouri,64129,United States,America/Chicago,-6,https://en.wikipedia.org//wiki/Arrowhead_Stadium,https://raw.githubusercontent.com/greerrenfl/Stadiums/main/stadiums/Assets/SatelliteImg/KAN00.png,,https://upload.wikimedia.org/wikipedia/commons/thumb/7/77/GEHA_Field_at_Arrowhead.svg/200px-GEHA_Field_at_Arrowhead.svg.png,https://www.chiefs.com/stadium,Arrowhead,Jackson County Sports Complex Authority,Kansas City Chiefs,,1968.0,1972,,,,,"1991, 1994, 2007, 2010","1995, 1997","Kivett and Myers, Populous"
LAX01,SoFi Stadium,33.953485,-118.3390307,36.95138076,335,2020-09-13,2026-01-04,Turf,Dome,"SoFi Stadium,  Pincay Drive",Inglewood,California,90306,United States,America/Los_Angeles,-8,https://en.wikipedia.org//wiki/SoFi_Stadium,https://raw.githubusercontent.com/greerrenfl/Stadiums/main/stadiums/Assets/SatelliteImg/LAX01.png,https://upload.wikimedia.org/wikipedia/commons/thumb/5/55/SoFi_Stadium_Logo.svg/200px-SoFi_Stadium_Logo.svg.png,https://upload.wikimedia.org/wikipedia/commons/thumb/b/b3/SoFi_Stadium_2023.jpg/250px-SoFi_Stadium_2023.jpg,https://www.sofistadium.com/,,"StadCo LA, LLC (a Kroenke Sports & Entertainment company) Hollywood Park Land Company, LLC (a joint venture of The Flesher Group and Stockbridge Capital Group )","StadCo LA, LLC",70240.0,2016.0,2020,,,,7060000000.0,,,"HKS, Inc."
LAX97,StubHub Center,33.8643225,-118.2611153,14.5803592,0,2017-09-17,2019-12-22,Grass,Outdoors,18400 Avalon Boulevard,Carson,California,90746,United States,America/Los_Angeles,-8,https://en.wikipedia.org/wiki/Dignity_Health_Sports_Park,https://raw.githubusercontent.com/greerrenfl/Stadiums/main/stadiums/Assets/SatelliteImg/LAX97.png,,https://upload.wikimedia.org/wikipedia/en/thumb/b/bd/DHSP.svg/220px-DHSP.svg.png,,,Anschutz Entertainment Group,,27000.0,2002.0,2003,,,150000000.0,,,,Rossetti Architects
LAX99,Los Angeles Memorial Coliseum,34.0140427,-118.2878605,41.60136912,270,2016-09-18,2019-12-29,Grass,Outdoors,"Los Angeles Memorial Coliseum,  South Coliseum Drive,  Exposition Park",Los Angeles,California,90037,United States,America/Los_Angeles,-8,https://en.wikipedia.org/wiki/Los_Angeles_Memorial_Coliseum,https://raw.githubusercontent.com/greerrenfl/Stadiums/main/stadiums/Assets/SatelliteImg/LAX99.png,https://upload.wikimedia.org/wikipedia/commons/thumb/7/7e/La_memorial_coliseum_logo_100th.png/120px-La_memorial_coliseum_logo_100th.png,https://upload.wikimedia.org/wikipedia/commons/thumb/2/25/USC_vs_University_of_Oregon_November_2019.png/250px-USC_vs_University_of_Oregon_November_2019.png,https://www.lacoliseum.com/,"The Coliseum, L.A. Coliseum, The Grand Old Lady","State of California , Los Angeles County , and City of Los Angeles",University of Southern California,77500.0,1921.0,1923,,,,,"1930, 1964, 1977, 1983, 1993, 1995, 2011, 2017, 2019",,Art Moderne
LON00,Wembley Stadium,51.5559836,-0.2795903,45.40415808,270,2007-10-28,2024-10-20,Grass,Outdoors,"Wembley Stadium,  South Way,  London Borough of Brent",London,,HA9 0JU,United Kingdom,Europe/London,0,https://en.wikipedia.org//wiki/Wembley_Stadium,https://raw.githubusercontent.com/greerrenfl/Stadiums/main/stadiums/Assets/SatelliteImg/LON00.png,https://upload.wikimedia.org/wikipedia/en/b/bc/Wembley_Stadium_EE_logo.png,https://upload.wikimedia.org/wikipedia/commons/thumb/d/d2/London_Wembley.jpg/280px-London_Wembley.jpg,http://wembleystadium.com,"The Home of Football, New Wembley",The Football Association,Wembley National Stadium Limited,90000.0,2002.0,2007,,,789000000.0,,,,"HOK Sport, Foster and Partners"
LON01,Twickenham Stadium,51.4560402,-0.3415439,9.858614266,326,2016-10-23,2017-10-29,Grass,Outdoors,"200 Whitton Road,  Twickenham",London,,TW2 7BA,United Kingdom,Europe/London,0,https://en.wikipedia.org//wiki/Twickenham_Stadium,https://raw.githubusercontent.com/greerrenfl/Stadiums/main/stadiums/Assets/SatelliteImg/LON01.png,https://upload.wikimedia.org/wikipedia/en/thumb/e/ea/Allianz_Stadium%2C_Twickenham_%282024%29_Logo.svg/220px-Allianz_Stadium%2C_Twickenham_%282024%29_Logo.svg.png,https://upload.wikimedia.org/wikipedia/commons/thumb/0/01/Stade_de_Twickenham_%C3%A0_Londres.jpg/250px-Stade_de_Twickenham_%C3%A0_Londres.jpg,https://www.allianzstadiumtwickenham.com,"Billy Williams' Cabbage Patch, The Cabbage Patch, Twickers, Headquarters, HQ, The Big Stoop",Rugby Football Union,,82000.0,,1909,,,,,,,John Bradley
LON02,Tottenham Stadium,51.6042151,-0.0662246,13.10424405,356,2019-10-06,2024-10-13,Grass,Outdoors,"782 High Road,  Tottenham",London,,N17 0AP,United Kingdom,Europe/London,0,https://en.wikipedia.org/wiki/Tottenham_Hotspur_Stadium,https://raw.githubusercontent.com/greerrenfl/Stadiums/main/stadiums/Assets/SatelliteImg/LON02.png,https://upload.wikimedia.org/wikipedia/commons/thumb/4/42/Tottenham_Hotspur_Stadium_logo.svg/150px-Tottenham_Hotspur_Stadium_logo.svg.png,https://upload.wikimedia.org/wikipedia/commons/thumb/b/be/London_Tottenham_Hotspur_Stadium.jpg/240px-London_Tottenham_Hotspur_Stadium.jpg,https://www.tottenhamhotspurstadium.com/,,Tottenham Hotspur,Tottenham Hotspur,62850.0,,2019,,,1000000000.0,,,,Populous
MEX00,Azteca Stadium,19.3029718,-99.150481,2236.710848,6,2005-10-02,2022-11-21,Turf,Outdoors,"Calz. de Tlalpan 3465,  Sta. Úrsula Coapa,  Coyoacán",Ciudad de México,CDMX,4650,Mexico,America/Mexico_City,-6,https://en.wikipedia.org/wiki/Estadio_Azteca,https://raw.githubusercontent.com/greerrenfl/Stadiums/main/stadiums/Assets/SatelliteImg/MEX00.png,https://upload.wikimedia.org/wikipedia/en/thumb/c/c0/Estadio_Azteca_Logo.png/220px-Estadio_Azteca_Logo.png,https://upload.wikimedia.org/wikipedia/commons/thumb/9/96/Azteca_entrance.jpg/230px-Azteca_entrance.jpg,https://www.estadioazteca.com.mx,"El Coloso de Santa Úrsula, The Colossus of Santa Úrsula",Televisa,"Ollamani, S.A.B.",87523.0,1961.0,1966,,,260000000.0,,"1986, 1999, 2013, 2016",,"Pedro Ramírez VázquezRafael Mijares Alcérreca, Pedro Ramírez Vázquez, Rafael Mijares Alcérreca"
MIA00,Hard Rock Stadium,25.9579623,-80.2388423,2.579987934,301,1999-09-19,2025-12-28,Grass,Outdoors,"Hard Rock Stadium,  Northwest 203rd Street,  Lake Lucerne",Miami Gardens,Florida,33056,United States,America/New_York,-5,https://en.wikipedia.org//wiki/Hard_Rock_Stadium,https://raw.githubusercontent.com/greerrenfl/Stadiums/main/stadiums/Assets/SatelliteImg/MIA00.png,https://upload.wikimedia.org/wikipedia/commons/thumb/a/a9/Hard_rock_stadium_florida_logo.svg/150px-Hard_rock_stadium_florida_logo.svg.png,https://upload.wikimedia.org/wikipedia/commons/thumb/9/9a/Hard_Rock_Stadium_for_Super_Bowl_LIV_%2849606707583%29.jpg/250px-Hard_Rock_Stadium_for_Super_Bowl_LIV_%2849606707583%29.jpg,https://www.hardrockstadium.com/,,Stephen M. Ross,,64767.0,1985.0,1987,,,115000000.0,326000000.0,,,HOK
MIN00,Mall of America Field,44.9738295,-93.2580358,260.5481014,30,1999-09-19,2013-12-29,Turf,Dome,900 South 5th Street,Minneapolis,Minnesota,55415,United States,America/Chicago,-6,https://en.wikipedia.org/wiki/Hubert_H._Humphrey_Metrodome,https://raw.githubusercontent.com/greerrenfl/Stadiums/main/stadiums/Assets/SatelliteImg/MIN00.png,,https://upload.wikimedia.org/wikipedia/en/thumb/8/84/Hubert_H_Humphrey_Metrodome.svg/175px-Hubert_H_Humphrey_Metrodome.svg.png,,,Metropolitan Sports Facilities Commission (1982–2012) Minnesota Sports Facilities Authority (2012–2013),Metropolitan Sports Facilities Commission (1982–2012) Minnesota Sports Facilities Authority (2012–2013),64121.0,1979.0,1982,2013.0,2014.0,55000000.0,231000000.0,,,"Fazlur Rahman Khan, Skidmore, Owings & Merrill, Setter, Leach & Lindstrom, Inc."
MIN01,U.S. Bank Stadium,44.9736273,-93.2574111,260.7524089,312,2016-09-18,2026-01-04,Turf,Dome,"U.S. Bank Stadium,  U.S. Bank Stadium Station",Minneapolis,Minnesota,55415,United States,America/Chicago,-6,https://en.wikipedia.org//wiki/U.S._Bank_Stadium,https://raw.githubusercontent.com/greerrenfl/Stadiums/main/stadiums/Assets/SatelliteImg/MIN01.png,https://upload.wikimedia.org/wikipedia/commons/thumb/3/39/US_Bank_Stadium_Minnesota_logo.svg/220px-US_Bank_Stadium_Minnesota_logo.svg.png,https://upload.wikimedia.org/wikipedia/commons/thumb/c/c5/U.S._Bank_Stadium_2021-09-23.jpg/250px-U.S._Bank_Stadium_2021-09-23.jpg,http://usbankstadium.com,"The Ship, “The Bank”",Minnesota Sports Facilities Authority,ASM Global,66655.0,2013.0,2016,,,1061000000.0,1350000000.0,,,"HKS, Inc."
MIN98,TCF Bank Stadium,44.9765379,-93.2245731,254.2294908,270,2010-12-20,2016-01-10,Turf,Outdoors,"420 Southeast 23rd Avenue,  Prospect Park - East River Road",Minneapolis,Minnesota,55455,United States,America/Chicago,-6,https://en.wikipedia.org/wiki/Huntington_Bank_Stadium,https://raw.githubusercontent.com/greerrenfl/Stadiums/main/stadiums/Assets/SatelliteImg/MIN98.png,https://upload.wikimedia.org/wikipedia/en/thumb/4/43/Huntington_Bank_Stadium_Logo%2C_2021.jpg/220px-Huntington_Bank_Stadium_Logo%2C_2021.jpg,https://upload.wikimedia.org/wikipedia/commons/thumb/d/dc/Huntington_Bank_Stadium_Aerial.jpg/250px-Huntington_Bank_Stadium_Aerial.jpg,https://gophersports.com/sports/2021/6/29/huntington-bank-stadium,The Bank,University of Minnesota,University of Minnesota,50805.0,2006.0,2009,,,303386606.0,431000000.0,,,Populous
NAS00,Nissan Stadium,36.1664774,-86.7712938,121.0515084,335,1999-09-12,2025-12-28,Grass,Outdoors,"Nissan Stadium,  Russell Street,  East Nashville",Nashville-Davidson,Tennessee,37213,United States,America/Chicago,-6,https://en.wikipedia.org//wiki/Nissan_Stadium,https://raw.githubusercontent.com/greerrenfl/Stadiums/main/stadiums/Assets/SatelliteImg/NAS00.png,https://upload.wikimedia.org/wikipedia/commons/thumb/d/d1/Nissan_Stadium_Logo.svg/200px-Nissan_Stadium_Logo.svg.png,https://upload.wikimedia.org/wikipedia/commons/thumb/d/d0/Nissan_Stadium_2024_%28cropped%29.jpg/240px-Nissan_Stadium_2024_%28cropped%29.jpg,https://nissanstadium.com/,,Metropolitan Government of Nashville and Davidson County,Metropolitan Government of Nashville and Davidson County,,1997.0,1999,,,290000000.0,,,,"HOK Sport, McKissack & McKissack, Moody Nolan"
NOR00,Mercedes-Benz Superdome,29.9511425,-90.0810779,0.5104131151,292,1999-09-12,2025-12-21,Turf,Dome,"1500 Sugar Bowl Drive,  Storyville",New Orleans,Louisiana,70112,United States,America/Chicago,-6,https://en.wikipedia.org/wiki/Caesars_Superdome,https://raw.githubusercontent.com/greerrenfl/Stadiums/main/stadiums/Assets/SatelliteImg/NOR00.png,https://upload.wikimedia.org/wikipedia/commons/thumb/a/ac/Caesars_Superdome_logo.svg/220px-Caesars_Superdome_logo.svg.png,https://upload.wikimedia.org/wikipedia/commons/thumb/1/10/Louisiana_Superdome%2C_New_Orleans%2C_USA1.jpg/250px-Louisiana_Superdome%2C_New_Orleans%2C_USA1.jpg,https://www.caesarssuperdome.com/,The Super-dome,The Louisiana Stadium and Exposition District,ASM Global,73208.0,1971.0,1975,,,,,,,
NYC00,Giants Stadium,40.813507465,-74.074342406,1.646752,346,1999-09-12,2010-01-03,Turf,Outdoors,"MetLife Stadium,  Road D",East Rutherford,New Jersey,7072,United States,America/New_York,-5,https://en.wikipedia.org/wiki/MetLife_Stadium,,https://upload.wikimedia.org/wikipedia/en/thumb/d/d6/Metlife_Stadium_Current_Logo.png/150px-Metlife_Stadium_Current_Logo.png,https://upload.wikimedia.org/wikipedia/commons/thumb/0/04/Metlife_stadium_%28Aerial_view%29.jpg/300px-Metlife_stadium_%28Aerial_view%29.jpg,https://www.metlifestadium.com/,The Meadowlands,"New Meadowlands Stadium Company, LLC",,82500.0,2007.0,2010,,,1600000000.0,2240000000.0,,,"360 Architecture, Rockwell Group, Bruce Mau Design, Inc."
NYC01,MetLife Stadium,40.813507465,-74.074342406,2.283823524,346,2010-09-12,2026-01-04,Turf,Outdoors,"MetLife Stadium,  Road D",East Rutherford,New Jersey,7072,United States,America/New_York,-5,https://en.wikipedia.org/wiki/MetLife_Stadium,https://raw.githubusercontent.com/greerrenfl/Stadiums/main/stadiums/Assets/SatelliteImg/NYC01.png,https://upload.wikimedia.org/wikipedia/en/thumb/d/d6/Metlife_Stadium_Current_Logo.png/150px-Metlife_Stadium_Current_Logo.png,https://upload.wikimedia.org/wikipedia/commons/thumb/0/04/Metlife_stadium_%28Aerial_view%29.jpg/300px-Metlife_stadium_%28Aerial_view%29.jpg,https://www.metlifestadium.com/,The Meadowlands,"New Meadowlands Stadium Company, LLC",,82500.0,2007.0,2010,,,1600000000.0,2240000000.0,,,"360 Architecture, Rockwell Group, Bruce Mau Design, Inc."
OAK00,Ring Central Coliseum,37.7516083,-122.2006038,0.02536833802,325,1999-09-26,2019-12-15,Grass,Outdoors,"Coliseum,  San Leandro Street",Oakland,California,94621,United States,America/Los_Angeles,-8,https://en.wikipedia.org/wiki/Oakland_Coliseum,https://raw.githubusercontent.com/greerrenfl/Stadiums/main/stadiums/Assets/SatelliteImg/OAK00.png,https://upload.wikimedia.org/wikipedia/en/thumb/0/0d/Oakland_Alameda_Coliseum_logo.png/220px-Oakland_Alameda_Coliseum_logo.png,https://upload.wikimedia.org/wikipedia/commons/thumb/1/17/Oakland_Coliseum_from_above_2024.png/250px-Oakland_Coliseum_from_above_2024.png,https://www.theoaklandarena.com/oakland-alameda-county-coliseum,"The Coliseum, Milk Bowl, The Black Hole, Baseball's Last Dive Bar",Oakland-Alameda County Coliseum Authority ( City of Oakland and Alameda County ),AEG,46847.0,1964.0,1966,,,,,"1995, 1996, 2017",,"Skidmore, Owings & Merrill, HNTB"
PHI00,Lincoln Financial Field,39.9007914,-75.1674645,3.171409857,352,2003-09-08,2026-01-04,Grass,Outdoors,"Lincoln Financial Field,  South Darien Street,  South Philadelphia Sports Complex,  South Philadelphia",Philadelphia,Pennsylvania,19148,United States,America/New_York,-5,https://en.wikipedia.org//wiki/Lincoln_Financial_Field,https://raw.githubusercontent.com/greerrenfl/Stadiums/main/stadiums/Assets/SatelliteImg/PHI00.png,https://upload.wikimedia.org/wikipedia/en/thumb/5/50/Lincoln_Financial_Field_logo.svg/200px-Lincoln_Financial_Field_logo.svg.png,https://upload.wikimedia.org/wikipedia/commons/thumb/a/a1/Lincoln_Financial_Field_%28Aerial_view%29.jpg/250px-Lincoln_Financial_Field_%28Aerial_view%29.jpg,https://www.lincolnfinancialfield.com/,The Linc,City of Philadelphia,Philadelphia Eagles,67594.0,2001.0,2003,,,512000000.0,848000000.0,2013,2013,NBBJ
PHI99,Veterans Stadium,39.9067652,-75.1706267,5.802220685,8,1999-09-12,2003-01-19,Turf,Outdoors,3501 South Broad Street,Philadelphia,Pennsylvania,19148,United States,America/New_York,-5,https://en.wikipedia.org/wiki/Veterans_Stadium,https://raw.githubusercontent.com/greerrenfl/Stadiums/main/stadiums/Assets/SatelliteImg/PHI99.png,,https://upload.wikimedia.org/wikipedia/commons/thumb/4/48/Veterans_stade.png/250px-Veterans_stade.png,,The Vet,City of Philadelphia,Philadelphia Department of Recreation,61831.0,1967.0,1971,2003.0,2004.0,63000000.0,474000000.0,,,"Hugh Stubbins & Associates, Stonorov & Haws"
PHO00,State Farm Stadium,33.5277555,-112.2625948,325.7411644,328,2006-09-10,2025-12-21,Grass,Retractable,1 West Cardinals Drive,Glendale,Arizona,85305,United States,America/Phoenix,-7,https://en.wikipedia.org//wiki/State_Farm_Stadium,https://raw.githubusercontent.com/greerrenfl/Stadiums/main/stadiums/Assets/SatelliteImg/PHO00.png,https://upload.wikimedia.org/wikipedia/commons/thumb/d/d6/State_Farm_Stadium_logo.svg/220px-State_Farm_Stadium_logo.svg.png,https://upload.wikimedia.org/wikipedia/commons/thumb/d/d1/State_Farm_Stadium_2022.jpg/250px-State_Farm_Stadium_2022.jpg,https://www.statefarmstadium.com/,,Arizona Sports and Tourism Authority,ASM Global,63400.0,2003.0,2006,,,455000000.0,688000000.0,"2014, 2017",,"Eisenman Architects, Populous"
PHO99,Sun Devil Stadium,33.4264274,-111.9325752,360.1446707,14,1999-09-27,2005-12-24,Grass,Outdoors,500 East Veterans Way,Tempe,Arizona,85287,United States,America/Phoenix,-7,https://en.wikipedia.org/wiki/Mountain_America_Stadium,https://raw.githubusercontent.com/greerrenfl/Stadiums/main/stadiums/Assets/SatelliteImg/PHO99.png,,https://upload.wikimedia.org/wikipedia/commons/thumb/8/8c/Sun_Devil_Stadium_-_Pac12_Championship.jpg/250px-Sun_Devil_Stadium_-_Pac12_Championship.jpg,https://thesundevils.com/facilities/frank-kush-field-sun-devil-stadium/12,House of Heat,Arizona State University,Arizona State University,53599.0,1958.0,1958,,,1000000.0,10600000.0,"2015, 2018","1966, 1970, 1976, 1977, 1989","Edward L. Varney Associates, HNTB"
PIT00,Acrisure Stadium,40.4467883,-80.0157692,220.6110513,335,2001-10-07,2026-01-04,Grass,Outdoors,"Heinz Field,  Art Rooney Avenue,  North Shore",Pittsburgh,Pennsylvania,15290,United States,America/New_York,-5,https://en.wikipedia.org//wiki/Acrisure_Stadium,https://raw.githubusercontent.com/greerrenfl/Stadiums/main/stadiums/Assets/SatelliteImg/PIT00.png,https://upload.wikimedia.org/wikipedia/commons/thumb/f/f0/Acrisure_Stadium_logo.svg/150px-Acrisure_Stadium_logo.svg.png,https://upload.wikimedia.org/wikipedia/commons/thumb/1/1e/Acrisure_Stadium_2024.jpg/250px-Acrisure_Stadium_2024.jpg,https://acrisurestadium.com/,,Sports & Exhibition Authority of Pittsburgh and Allegheny County,Pittsburgh Steelers University of Pittsburgh,,1999.0,2001,,,281000000.0,484000000.0,2007,2015,Populous
PIT99,Three Rivers Stadium,40.4465533,-80.0126137,222.8104575,308,1999-09-26,2000-12-16,Turf,Outdoors,792 W General Robinson St,Pittsburgh,Pennsylvania,15290,United States,America/New_York,-5,https://en.wikipedia.org/wiki/Three_Rivers_Stadium,https://raw.githubusercontent.com/greerrenfl/Stadiums/main/stadiums/Assets/SatelliteImg/PIT99.png,https://upload.wikimedia.org/wikipedia/en/thumb/3/30/Three_Rivers_Stadium_logo.gif/125px-Three_Rivers_Stadium_logo.gif,https://upload.wikimedia.org/wikipedia/commons/thumb/f/fd/Three_Rivers_Stadium.jpg/270px-Three_Rivers_Stadium.jpg,,"The Blast Furnace, The House that Clemente Built",Pittsburgh,Pittsburgh Stadium Authority,59000.0,1968.0,1970,2000.0,2001.0,55000000.0,457000000.0,,,Deeter Ritchy SippleMichael Baker Jr.
SAN00,Alamo Dome,29.4169713,-98.4788947,200.7578564,0,2005-10-02,2005-12-24,Turf,Dome,100 Montana St,San Antonio,Texas,78203,United States,America/Chicago,-6,https://en.wikipedia.org/wiki/Alamodome,https://raw.githubusercontent.com/greerrenfl/Stadiums/main/stadiums/Assets/SatelliteImg/SAN00.png,https://upload.wikimedia.org/wikipedia/en/thumb/d/d7/Alamodome_logo.png/220px-Alamodome_logo.png,https://upload.wikimedia.org/wikipedia/commons/thumb/5/51/Gfp-texas-san-antonio-large-complex_%281%29.jpg/250px-Gfp-texas-san-antonio-large-complex_%281%29.jpg,http://alamodome.com,,City of San Antonio,San Antonio Convention and Sports Facilities Department,64000.0,1990.0,1993,,,186000000.0,392000000.0,"2008, 2009, 2017",2006,HOK Sport
SAO00,Arena Corinthians,-23.5453166,-46.4742288,781.2972798,0,2024-09-06,2024-09-06,Turf,Outdoors,111 - Vila Carmosina,São Paulo,,08295-005,Brazil,America/Sao_Paulo,-3,https://en.wikipedia.org/wiki/Arena_Corinthians,https://raw.githubusercontent.com/greerrenfl/Stadiums/main/stadiums/Assets/SatelliteImg/SAO00.png,https://upload.wikimedia.org/wikipedia/commons/thumb/b/ba/Logo_da_Neo_Qu%C3%ADmica_Arena.png/220px-Logo_da_Neo_Qu%C3%ADmica_Arena.png,https://upload.wikimedia.org/wikipedia/commons/thumb/c/c6/ARENA_CORINTHIANS.jpg/250px-ARENA_CORINTHIANS.jpg,http://neoquimicaarena.com.br,Itaquerão,Corinthians,Corinthians,47252.0,2011.0,2014,,,965000000.0,,,,Gensler
SDG00,Qualcomm Stadium,32.7832189,117.1195919,16.18299852,291,1999-09-26,2017-01-01,Grass,Outdoors,"5343 Adobe Falls Road,  Grantville,  Allied Gardens",San Diego,California,92120,United States,America/Los_Angeles,-8,https://en.wikipedia.org/wiki/San_Diego_Stadium,https://raw.githubusercontent.com/greerrenfl/Stadiums/main/stadiums/Assets/SatelliteImg/SDG00.png,,https://upload.wikimedia.org/wikipedia/commons/thumb/0/05/Qualcomm_Stadium.jpg/250px-Qualcomm_Stadium.jpg,,"The Q, The Murph",San Diego State University,San Diego State University,70561.0,1965.0,1967,2020.0,2021.0,27750000.0,254000000.0,,,Frank L. Hope and Associates
SEA00,Lumen Field,47.5951513,-122.3316259,5.213504872,0,2002-09-15,2025-12-18,Turf,Outdoors,"800 Occidental Avenue South,  International District/Chinatown",Seattle,Washington,98134,United States,America/Los_Angeles,-8,https://en.wikipedia.org//wiki/Lumen_Field,https://raw.githubusercontent.com/greerrenfl/Stadiums/main/stadiums/Assets/SatelliteImg/SEA00.png,https://upload.wikimedia.org/wikipedia/commons/thumb/b/ba/Lumen_Field_logo.svg/150px-Lumen_Field_logo.svg.png,https://upload.wikimedia.org/wikipedia/commons/thumb/5/53/Qwest_Field_North.jpg/250px-Qwest_Field_North.jpg,https://www.lumenfield.com/,,Washington State Public Stadium Authority,First & Goal Inc.,68740.0,1998.0,2002,,,430000000.0,728000000.0,,,"Ellerbe Becket, LMN Architects"
SEA98,Seattle Kingdome,47.5956264,-122.3314355,5.21350879,0,1999-09-12,2000-01-09,Turf,Dome,201 South King Street,Seattle,Washington,98134,United States,America/Los_Angeles,-8,https://en.wikipedia.org/wiki/Kingdome,https://raw.githubusercontent.com/greerrenfl/Stadiums/main/stadiums/Assets/SatelliteImg/SEA98.png,https://upload.wikimedia.org/wikipedia/commons/thumb/6/6b/Kingdome_logo_transparent_1981.svg/220px-Kingdome_logo_transparent_1981.svg.png,https://upload.wikimedia.org/wikipedia/commons/thumb/6/6b/Kingdome_across_parking_lot_in_1996.jpg/250px-Kingdome_across_parking_lot_in_1996.jpg,,King County Stadium,King County,King County Department of Stadium Administration,59166.0,1972.0,1976,2000.0,2000.0,67000000.0,359000000.0,,,"Naramore, Skilling &, Praeger"
SEA99,Husky Stadium,47.6502858,-122.3016341,11.63858107,288,2000-09-10,2002-01-06,Turf,Outdoors,3800 Montlake Blvd NE,Seattle,Washington,98105,United States,America/Los_Angeles,-8,https://en.wikipedia.org/wiki/Husky_Stadium,https://raw.githubusercontent.com/greerrenfl/Stadiums/main/stadiums/Assets/SatelliteImg/SEA99.png,,https://upload.wikimedia.org/wikipedia/commons/thumb/a/a0/Husky_Stadium_-_March_19%2C_2016.jpg/250px-Husky_Stadium_-_March_19%2C_2016.jpg,https://gohuskies.com/sports/2013/7/2/208568068.aspx,The Greatest Setting in College Football,,University of Washington,,1920.0,1920,,,,,"1950, 1987, 2013","1936, 1950, 1968, 1987","Bebb and Gould, 360 Architecture"
SFO00,Candlestick Park,37.7134337,-122.3862306,7.602429889,358,1999-09-19,2013-12-23,Grass,Outdoors,602 Jamestown Avenue,San Francisco,California,94124,United States,America/Los_Angeles,-8,https://en.wikipedia.org/wiki/Candlestick_Park,https://raw.githubusercontent.com/greerrenfl/Stadiums/main/stadiums/Assets/SatelliteImg/SFO00.png,https://upload.wikimedia.org/wikipedia/en/thumb/f/f0/Candlestick_Park_logo.png/200px-Candlestick_Park_logo.png,"https:https://maps.wikimedia.org/img/osm-intl,13,a,a,250x200.png?lang=en&domain=en.wikipedia.org&title=Candlestick_Park&revid=1269074575&groups=_84ede8edf5a20cacee7b5fe9701226418ae3f176",,The Stick,City and County of San Francisco,San Francisco Recreation & Parks Department,43765.0,1958.0,1960,2014.0,2015.0,15000000.0,154000000.0,,,John Bolles & Associates
SFO01,Levi's Stadium,37.4031837,-121.9698094,4.24801645,331,2014-09-14,2026-01-04,Grass,Outdoors,4900 Marie P. DeBartolo Way,Santa Clara,California,95054,United States,America/Los_Angeles,-8,https://en.wikipedia.org//wiki/Levi%27s_Stadium,https://raw.githubusercontent.com/greerrenfl/Stadiums/main/stadiums/Assets/SatelliteImg/SFO01.png,https://upload.wikimedia.org/wikipedia/commons/thumb/b/b5/Levi%27s_Stadium_Logo.svg/200px-Levi%27s_Stadium_Logo.svg.png,https://upload.wikimedia.org/wikipedia/commons/thumb/6/6a/160201-H-NI589-1353_%2824398261729%29.jpg/250px-160201-H-NI589-1353_%2824398261729%29.jpg,http://levisstadium.com,Field of Jeans,Santa Clara Stadium Authority,Forty Niners Football Company LLC,68500.0,2012.0,2014,,,1300000000.0,1670000000.0,,,HNTB
STL00,Edward Jones Dome,38.6329321,-90.1885301,141.9055314,15,1999-09-12,2015-12-17,Turf,Dome,701 Convention Plaza,St. Louis,Missouri,63101,United States,America/Chicago,-6,https://en.wikipedia.org/wiki/The_Dome_at_America%27s_Center,https://raw.githubusercontent.com/greerrenfl/Stadiums/main/stadiums/Assets/SatelliteImg/STL00.png,https://upload.wikimedia.org/wikipedia/en/thumb/6/68/The_Dome_at_America%27s_Center_logo.png/220px-The_Dome_at_America%27s_Center_logo.png,https://upload.wikimedia.org/wikipedia/commons/thumb/d/d4/Edward_Jones_Dome_KM.jpg/250px-Edward_Jones_Dome_KM.jpg,https://explorestlouis.com/the-dome-at-americas-center/,"The Dome, The BattleDome",St. Louis Regional Sports Authority,St. Louis Convention/Visitors Bureau,67277.0,1992.0,1995,,,280000000.0,560000000.0,"2009, 2010, 2024",,HOK Sport (now Populous)
TAM00,Raymond James Stadium,27.9759691,-82.503356,11.30653381,0,1999-09-12,2026-01-04,Grass,Outdoors,"Raymond James Stadium,  West Tampa Bay Boulevard",Tampa,Florida,33607,United States,America/New_York,-5,https://en.wikipedia.org/wiki/Raymond_James_Stadium,https://raw.githubusercontent.com/greerrenfl/Stadiums/main/stadiums/Assets/SatelliteImg/TAM00.png,https://upload.wikimedia.org/wikipedia/commons/thumb/5/50/Raymond_James_Stadium_logo.svg/220px-Raymond_James_Stadium_logo.svg.png,https://upload.wikimedia.org/wikipedia/commons/thumb/f/f1/Raymond_James_Stadium_Aerial.jpg/250px-Raymond_James_Stadium_Aerial.jpg,https://raymondjamesstadium.com/,"Ray Jay, The New Sombrero",Hillsborough County,Tampa Sports Authority,,1996.0,1998,,,168500000.0,315000000.0,,,Populous
VEG00,Allegiant Stadium,36.0908515,-115.1833441,665.3660945,25,2020-09-21,2026-01-04,Grass,Dome,"Allegiant Stadium,  Al Davis Way",Paradise,Nevada,89119-1001,United States,America/Los_Angeles,-8,https://en.wikipedia.org//wiki/Allegiant_Stadium,https://raw.githubusercontent.com/greerrenfl/Stadiums/main/stadiums/Assets/SatelliteImg/VEG00.png,https://upload.wikimedia.org/wikipedia/commons/thumb/1/10/Allegiant_stadium_logo_image.svg/200px-Allegiant_stadium_logo_image.svg.png,https://upload.wikimedia.org/wikipedia/commons/thumb/9/97/Las_Vegas_%285152659900-Cropped%29.jpg/250px-Las_Vegas_%285152659900-Cropped%29.jpg,https://allegiantstadium.com,The Death Star,,AEG Facilities,65000.0,2017.0,2020,,,1900000000.0,2240000000.0,,,"MANICA Architecture, HNTB"
WAS00,FedExField,38.907703,-76.8645083,59.57306211,299,1999-09-12,2025-12-25,Grass,Outdoors,"1600 Sean Taylor Road,  Brightseat",Landover,Maryland,20785,United States,America/New_York,-5,https://en.wikipedia.org/wiki/Northwest_Stadium,https://raw.githubusercontent.com/greerrenfl/Stadiums/main/stadiums/Assets/SatelliteImg/WAS00.png,https://upload.wikimedia.org/wikipedia/commons/thumb/7/71/Northwest_Stadium_logo.png/300px-Northwest_Stadium_logo.png,https://upload.wikimedia.org/wikipedia/commons/thumb/c/c0/USA_Maryland_relief_location_map.svg/250px-USA_Maryland_relief_location_map.svg.png,https://www.commanders.com/stadium/,,Washington Commanders ( Josh Harris ),Harris Blitzer Sports & Entertainment (Non-NFL events),,1996.0,1997,,,251000000.0,476000000.0,,"1998, 2000, 2005",HOK Sport
